<?xml version="1.0" encoding="UTF-8"?>
<con:soapui-project id="688422bf-b0a0-4c5d-a260-4bbdba643a91" activeEnvironment="Default" name="UserServiceWs" resourceRoot="${projectDir}" soapui-version="5.7.2" abortOnError="false" runType="SEQUENTIAL" xmlns:con="http://eviware.com/soapui/config"><con:settings/><con:interface xsi:type="con:WsdlInterface" id="8d27311f-b47d-45e2-9e31-1ae03d9ee08b" wsaVersion="NONE" name="UserServiceImplServiceSoapBinding" type="wsdl" bindingName="{http://soapuserservice.example.soap.com.tr}UserServiceImplServiceSoapBinding" soapVersion="1_1" anonymous="optional" definition="http://localhost:8085/services/UserServiceWs?wsdl" xmlns:xsi="http://www.w3.org/2001/XMLSchema-instance"><con:settings/><con:definitionCache type="TEXT" rootPart="http://localhost:8085/services/UserServiceWs?wsdl"><con:part><con:url>http://localhost:8085/services/UserServiceWs?wsdl</con:url><con:content><![CDATA[<wsdl:definitions name="UserServiceImplService" targetNamespace="http://soapuserservice.example.soap.com.tr" xmlns:xsd="http://www.w3.org/2001/XMLSchema" xmlns:wsdl="http://schemas.xmlsoap.org/wsdl/" xmlns:tns="http://soapuserservice.example.soap.com.tr" xmlns:soap="http://schemas.xmlsoap.org/wsdl/soap/" xmlns:ns1="http://schemas.xmlsoap.org/soap/http">
  <wsdl:types>
    <xs:schema elementFormDefault="unqualified" targetNamespace="http://soapuserservice.example.soap.com.tr" version="1.0" xmlns:xs="http://www.w3.org/2001/XMLSchema">
      <xs:element name="addUser" type="tns:addUser"/>
      <xs:element name="addUserResponse" type="tns:addUserResponse"/>
      <xs:element name="getAllUsers" type="tns:getAllUsers"/>
      <xs:element name="getAllUsersResponse" type="tns:getAllUsersResponse"/>
      <xs:element name="sayHello" type="tns:sayHello"/>
      <xs:element name="sayHelloResponse" type="tns:sayHelloResponse"/>
      <xs:complexType name="getAllUsers">
        <xs:sequence/>
      </xs:complexType>
      <xs:complexType name="getAllUsersResponse">
        <xs:sequence>
          <xs:element minOccurs="0" name="return" type="tns:getAllUsersResult"/>
        </xs:sequence>
      </xs:complexType>
      <xs:complexType name="getAllUsersResult">
        <xs:sequence>
          <xs:element minOccurs="0" name="resultCode" type="xs:string"/>
          <xs:element minOccurs="0" name="resultMessage" type="xs:string"/>
          <xs:element maxOccurs="unbounded" minOccurs="0" name="users" nillable="true" type="tns:user"/>
        </xs:sequence>
      </xs:complexType>
      <xs:complexType name="user">
        <xs:sequence>
          <xs:element minOccurs="0" name="id" type="xs:long"/>
          <xs:element minOccurs="0" name="name" type="xs:string"/>
          <xs:element minOccurs="0" name="surname" type="xs:string"/>
        </xs:sequence>
      </xs:complexType>
      <xs:complexType name="sayHello">
        <xs:sequence>
          <xs:element name="name" type="xs:string"/>
        </xs:sequence>
      </xs:complexType>
      <xs:complexType name="sayHelloResponse">
        <xs:sequence>
          <xs:element minOccurs="0" name="return" type="tns:sayHelloResult"/>
        </xs:sequence>
      </xs:complexType>
      <xs:complexType name="sayHelloResult">
        <xs:sequence>
          <xs:element minOccurs="0" name="resultCode" type="xs:string"/>
          <xs:element minOccurs="0" name="resultMessage" type="xs:string"/>
          <xs:element minOccurs="0" name="resultString" type="xs:string"/>
        </xs:sequence>
      </xs:complexType>
      <xs:complexType name="addUser">
        <xs:sequence>
          <xs:element name="name" type="xs:string"/>
          <xs:element name="surname" type="xs:string"/>
        </xs:sequence>
      </xs:complexType>
      <xs:complexType name="addUserResponse">
        <xs:sequence>
          <xs:element minOccurs="0" name="return" type="tns:addUserResult"/>
        </xs:sequence>
      </xs:complexType>
      <xs:complexType name="addUserResult">
        <xs:sequence>
          <xs:element minOccurs="0" name="resultCode" type="xs:string"/>
          <xs:element minOccurs="0" name="resultMessage" type="xs:string"/>
        </xs:sequence>
      </xs:complexType>
    </xs:schema>
  </wsdl:types>
  <wsdl:message name="sayHelloResponse">
    <wsdl:part element="tns:sayHelloResponse" name="parameters"></wsdl:part>
  </wsdl:message>
  <wsdl:message name="addUserResponse">
    <wsdl:part element="tns:addUserResponse" name="parameters"></wsdl:part>
  </wsdl:message>
  <wsdl:message name="getAllUsers">
    <wsdl:part element="tns:getAllUsers" name="parameters"></wsdl:part>
  </wsdl:message>
  <wsdl:message name="sayHello">
    <wsdl:part element="tns:sayHello" name="parameters"></wsdl:part>
  </wsdl:message>
  <wsdl:message name="getAllUsersResponse">
    <wsdl:part element="tns:getAllUsersResponse" name="parameters"></wsdl:part>
  </wsdl:message>
  <wsdl:message name="addUser">
    <wsdl:part element="tns:addUser" name="parameters"></wsdl:part>
  </wsdl:message>
  <wsdl:portType name="UserServiceWs">
    <wsdl:operation name="getAllUsers">
      <wsdl:input message="tns:getAllUsers" name="getAllUsers"></wsdl:input>
      <wsdl:output message="tns:getAllUsersResponse" name="getAllUsersResponse"></wsdl:output>
    </wsdl:operation>
    <wsdl:operation name="sayHello">
      <wsdl:input message="tns:sayHello" name="sayHello"></wsdl:input>
      <wsdl:output message="tns:sayHelloResponse" name="sayHelloResponse"></wsdl:output>
    </wsdl:operation>
    <wsdl:operation name="addUser">
      <wsdl:input message="tns:addUser" name="addUser"></wsdl:input>
      <wsdl:output message="tns:addUserResponse" name="addUserResponse"></wsdl:output>
    </wsdl:operation>
  </wsdl:portType>
  <wsdl:binding name="UserServiceImplServiceSoapBinding" type="tns:UserServiceWs">
    <soap:binding style="document" transport="http://schemas.xmlsoap.org/soap/http"/>
    <wsdl:operation name="getAllUsers">
      <soap:operation soapAction="" style="document"/>
      <wsdl:input name="getAllUsers">
        <soap:body use="literal"/>
      </wsdl:input>
      <wsdl:output name="getAllUsersResponse">
        <soap:body use="literal"/>
      </wsdl:output>
    </wsdl:operation>
    <wsdl:operation name="sayHello">
      <soap:operation soapAction="" style="document"/>
      <wsdl:input name="sayHello">
        <soap:body use="literal"/>
      </wsdl:input>
      <wsdl:output name="sayHelloResponse">
        <soap:body use="literal"/>
      </wsdl:output>
    </wsdl:operation>
    <wsdl:operation name="addUser">
      <soap:operation soapAction="" style="document"/>
      <wsdl:input name="addUser">
        <soap:body use="literal"/>
      </wsdl:input>
      <wsdl:output name="addUserResponse">
        <soap:body use="literal"/>
      </wsdl:output>
    </wsdl:operation>
  </wsdl:binding>
  <wsdl:service name="UserServiceImplService">
    <wsdl:port binding="tns:UserServiceImplServiceSoapBinding" name="UserServiceWsPort">
      <soap:address location="http://localhost:8085/services/UserServiceWs"/>
    </wsdl:port>
  </wsdl:service>
</wsdl:definitions>]]></con:content><con:type>http://schemas.xmlsoap.org/wsdl/</con:type></con:part></con:definitionCache><con:endpoints><con:endpoint>http://localhost:8085/services/UserServiceWs</con:endpoint></con:endpoints><con:operation id="fdb29609-de7e-49a8-af47-db3833c36cc2" isOneWay="false" action="" name="addUser" bindingOperationName="addUser" type="Request-Response" outputName="addUserResponse" inputName="addUser" receivesAttachments="false" sendsAttachments="false" anonymous="optional"><con:settings/><con:call id="940c1737-cc4d-48af-94da-ba39cd649b03" name="Request 1"><con:settings><con:setting id="com.eviware.soapui.impl.wsdl.WsdlRequest@request-headers">&lt;xml-fragment/></con:setting></con:settings><con:encoding>UTF-8</con:encoding><con:endpoint>http://localhost:8085/services/UserServiceWs</con:endpoint><con:request><![CDATA[<soapenv:Envelope xmlns:soapenv="http://schemas.xmlsoap.org/soap/envelope/" xmlns:soap="http://soapuserservice.example.soap.com.tr">\r
   <soapenv:Header/>\r
   <soapenv:Body>\r
      <soap:addUser>\r
         <name>alper</name>\r
         <surname>oner</surname>\r
      </soap:addUser>\r
   </soapenv:Body>\r
</soapenv:Envelope>]]></con:request><con:credentials><con:username>test</con:username><con:password>test</con:password><con:selectedAuthProfile>Basic</con:selectedAuthProfile><con:addedBasicAuthenticationTypes>Basic</con:addedBasicAuthenticationTypes><con:authType>Global HTTP Settings</con:authType></con:credentials><con:jmsConfig JMSDeliveryMode="PERSISTENT"/><con:jmsPropertyConfig/><con:wsaConfig mustUnderstand="NONE" version="200508" action="http://soapuserservice.example.soap.com.tr/UserServiceWs/addUser"/><con:wsrmConfig version="1.2"/></con:call></con:operation><con:operation id="03cf3e80-ba38-49e3-ae7f-8df33c407cbd" isOneWay="false" action="" name="getAllUsers" bindingOperationName="getAllUsers" type="Request-Response" outputName="getAllUsersResponse" inputName="getAllUsers" receivesAttachments="false" sendsAttachments="false" anonymous="optional"><con:settings/><con:call id="f12c095d-eeba-4344-8f1f-f73ad141ac00" name="Request 1"><con:settings><con:setting id="com.eviware.soapui.impl.wsdl.WsdlRequest@request-headers">&lt;xml-fragment/></con:setting></con:settings><con:encoding>UTF-8</con:encoding><con:endpoint>http://localhost:8085/services/UserServiceWs</con:endpoint><con:request><![CDATA[<soapenv:Envelope xmlns:soapenv="http://schemas.xmlsoap.org/soap/envelope/" xmlns:soap="http://soapuserservice.example.soap.com.tr">\r
   <soapenv:Header/>\r
   <soapenv:Body>\r
      <soap:getAllUsers/>\r
   </soapenv:Body>\r
</soapenv:Envelope>]]></con:request><con:credentials><con:username>test</con:username><con:password>test</con:password><con:selectedAuthProfile>Basic</con:selectedAuthProfile><con:addedBasicAuthenticationTypes>Basic</con:addedBasicAuthenticationTypes><con:authType>Global HTTP Settings</con:authType></con:credentials><con:jmsConfig JMSDeliveryMode="PERSISTENT"/><con:jmsPropertyConfig/><con:wsaConfig mustUnderstand="NONE" version="200508" action="http://soapuserservice.example.soap.com.tr/UserServiceWs/getAllUsers"/><con:wsrmConfig version="1.2"/></con:call></con:operation><con:operation id="a66d4bad-bd50-41f6-a53f-f2fb100d2dc9" isOneWay="false" action="" name="sayHello" bindingOperationName="sayHello" type="Request-Response" outputName="sayHelloResponse" inputName="sayHello" receivesAttachments="false" sendsAttachments="false" anonymous="optional"><con:settings/><con:call id="930ca9e0-8b92-49e1-bea1-38e9d385e530" name="Request 1"><con:settings><con:setting id="com.eviware.soapui.impl.wsdl.WsdlRequest@request-headers">&lt;xml-fragment/></con:setting></con:settings><con:encoding>UTF-8</con:encoding><con:endpoint>http://localhost:8085/services/UserServiceWs</con:endpoint><con:request><![CDATA[<soapenv:Envelope xmlns:soapenv="http://schemas.xmlsoap.org/soap/envelope/" xmlns:soap="http://soapuserservice.example.soap.com.tr">\r
   <soapenv:Header/>\r
   <soapenv:Body>\r
      <soap:sayHello>\r
         <name>mustafa kahraman</name>\r
      </soap:sayHello>\r
   </soapenv:Body>\r
</soapenv:Envelope>]]></con:request><con:credentials><con:username>test</con:username><con:password>test</con:password><con:selectedAuthProfile>Basic</con:selectedAuthProfile><con:addedBasicAuthenticationTypes>Basic</con:addedBasicAuthenticationTypes><con:authType>Global HTTP Settings</con:authType></con:credentials><con:jmsConfig JMSDeliveryMode="PERSISTENT"/><con:jmsPropertyConfig/><con:wsaConfig mustUnderstand="NONE" version="200508" action="http://soapuserservice.example.soap.com.tr/UserServiceWs/sayHello"/><con:wsrmConfig version="1.2"/></con:call></con:operation></con:interface><con:properties/><con:wssContainer/><con:oAuth2ProfileContainer/><con:oAuth1ProfileContainer/></con:soapui-project>